hash,y_pred
g_Windows.AccountsControl.dll,0
g_Windows.ApplicationModel.Core.dll,0
g_Windows.Cortana.OneCore.dll,0
g_Windows.Devices.Enumeration.dll,0
g_Windows.Devices.Picker.dll,0
g_Windows.Devices.Radios.dll,0
g_Windows.Devices.Sensors.dll,0
g_Windows.Energy.dll,0
g_Windows.Globalization.Fontgroups.dll,0
g_Windows.Graphics.Printing.dll,0
g_Windows.Internal.AdaptiveCards.XamlCardRenderer.dll,0
g_Windows.Internal.Management.dll,0
g_Windows.Internal.PredictionUnit.dll,0
g_Windows.Internal.ShellCommon.PrintExperience.dll,0
g_Windows.Media.Editing.dll,0
g_Windows.Media.Speech.UXRes.dll,0
g_Windows.Networking.BackgroundTransfer.dll,0
g_Windows.Networking.NetworkOperators.ESim.dll,0
g_Windows.Payments.dll,0
g_windows.internal.shellcommon.shareexperience.dll,0
